{
	"id": "90154fee-9276-65cd-4c9e-1f7090e3746e",
	"name": "apiRestAcilia",
	"description": "",
	"order": [
		"ea28a2e5-6be2-031c-7a27-eaa082f2637a",
		"7b05d3de-41a2-4f12-6678-2c393129eaa5",
		"9f1f0d69-2afd-74f4-bf4b-917175d90e10",
		"2dae5d82-3637-df7e-b790-7e39fe7e633c",
		"2f617edd-75fd-db76-a47b-1c1715dd321a",
		"bd50aa4d-b287-faa0-3220-aaba5e46ab32",
		"c4ac22e5-ef15-5fad-957d-c574c81a1c1c",
		"5ab98fb1-f7b7-b46c-5b36-475273959ab3"
	],
	"folders": [],
	"folders_order": [],
	"timestamp": 1614815674279,
	"owner": "1791689",
	"public": false,
	"requests": [
		{
			"id": "2dae5d82-3637-df7e-b790-7e39fe7e633c",
			"headers": "",
			"headerData": [],
			"url": "http://localhost:8181/category/3",
			"queryParams": [],
			"preRequestScript": null,
			"pathVariables": {},
			"pathVariableData": [],
			"method": "DELETE",
			"data": null,
			"dataMode": "params",
			"tests": null,
			"currentHelper": "normal",
			"helperAttributes": {},
			"time": 1614876032488,
			"name": "delete category",
			"description": "",
			"collectionId": "90154fee-9276-65cd-4c9e-1f7090e3746e",
			"responses": []
		},
		{
			"id": "2f617edd-75fd-db76-a47b-1c1715dd321a",
			"headers": "Content-Type: application/json\n",
			"headerData": [
				{
					"key": "Content-Type",
					"value": "application/json",
					"description": "",
					"enabled": true
				}
			],
			"url": "http://localhost:8181/product",
			"queryParams": [],
			"preRequestScript": null,
			"pathVariables": {},
			"pathVariableData": [],
			"method": "POST",
			"data": [],
			"dataMode": "raw",
			"tests": null,
			"currentHelper": "normal",
			"helperAttributes": {},
			"time": 1614876034284,
			"name": "create product",
			"description": "",
			"collectionId": "90154fee-9276-65cd-4c9e-1f7090e3746e",
			"responses": [],
			"rawModeData": "{\n\t\"name\": \"producto 6\",\n\t\"price\": 90.20,\n\t\"currency\": \"USD\",\n\t\"category\": 2,\n\t\"featured\": 1\n}"
		},
		{
			"id": "5ab98fb1-f7b7-b46c-5b36-475273959ab3",
			"headers": "",
			"headerData": [],
			"url": "http://localhost:8181/product/4",
			"queryParams": [],
			"preRequestScript": null,
			"pathVariables": {},
			"pathVariableData": [],
			"method": "DELETE",
			"data": null,
			"dataMode": "params",
			"tests": null,
			"currentHelper": "normal",
			"helperAttributes": {},
			"time": 1614876039767,
			"name": "delete product",
			"description": "",
			"collectionId": "90154fee-9276-65cd-4c9e-1f7090e3746e",
			"responses": []
		},
		{
			"id": "7b05d3de-41a2-4f12-6678-2c393129eaa5",
			"headers": "Content-Type: application/x-www-form-urlencoded\n",
			"headerData": [
				{
					"key": "Content-Type",
					"value": "application/x-www-form-urlencoded",
					"description": "",
					"enabled": true
				}
			],
			"url": "http://localhost:8181/category/1",
			"queryParams": [],
			"preRequestScript": null,
			"pathVariables": {},
			"pathVariableData": [],
			"method": "PUT",
			"data": [],
			"dataMode": "raw",
			"tests": null,
			"currentHelper": "normal",
			"helperAttributes": {},
			"time": 1614876030807,
			"name": "update category",
			"description": "",
			"collectionId": "90154fee-9276-65cd-4c9e-1f7090e3746e",
			"responses": [],
			"rawModeData": "{\n\t\"name\": \"Algo\",\n\t\"description\": \"Esta es una categoria de prueba\"\n}"
		},
		{
			"id": "9f1f0d69-2afd-74f4-bf4b-917175d90e10",
			"headers": "",
			"headerData": [],
			"url": "http://localhost:8181/category",
			"queryParams": [],
			"preRequestScript": null,
			"pathVariables": {},
			"pathVariableData": [],
			"method": "GET",
			"data": null,
			"dataMode": "params",
			"tests": null,
			"currentHelper": "normal",
			"helperAttributes": {},
			"time": 1614876029380,
			"name": "list categories",
			"description": "",
			"collectionId": "90154fee-9276-65cd-4c9e-1f7090e3746e",
			"responses": []
		},
		{
			"id": "bd50aa4d-b287-faa0-3220-aaba5e46ab32",
			"headers": "",
			"headerData": [],
			"url": "http://localhost:8181/product",
			"queryParams": [],
			"preRequestScript": null,
			"pathVariables": {},
			"pathVariableData": [],
			"method": "GET",
			"data": null,
			"dataMode": "params",
			"tests": null,
			"currentHelper": "normal",
			"helperAttributes": {},
			"time": 1614876036119,
			"name": "list product",
			"description": "",
			"collectionId": "90154fee-9276-65cd-4c9e-1f7090e3746e",
			"responses": []
		},
		{
			"id": "c4ac22e5-ef15-5fad-957d-c574c81a1c1c",
			"headers": "Content-Type: application/json\n",
			"headerData": [
				{
					"key": "Content-Type",
					"value": "application/json",
					"description": "",
					"enabled": true
				}
			],
			"url": "http://localhost:8181/product/1",
			"queryParams": [],
			"preRequestScript": null,
			"pathVariables": {},
			"pathVariableData": [],
			"method": "PUT",
			"data": [],
			"dataMode": "raw",
			"tests": null,
			"currentHelper": "normal",
			"helperAttributes": {},
			"time": 1614876038030,
			"name": "update product",
			"description": "",
			"collectionId": "90154fee-9276-65cd-4c9e-1f7090e3746e",
			"responses": [],
			"rawModeData": "{\n\t\"name\": \"producto 8\",\n\t\"price\": 100.50,\n\t\"currency\":\"USD\",\n\t\"featured\": 1\n}"
		},
		{
			"id": "ea28a2e5-6be2-031c-7a27-eaa082f2637a",
			"headers": "Content-Type: application/json\n",
			"headerData": [
				{
					"key": "Content-Type",
					"value": "application/json",
					"description": "",
					"enabled": true
				}
			],
			"url": "http://localhost:8181/category",
			"queryParams": [],
			"preRequestScript": null,
			"pathVariables": {},
			"pathVariableData": [],
			"method": "POST",
			"data": [],
			"dataMode": "raw",
			"tests": null,
			"currentHelper": "normal",
			"helperAttributes": {},
			"time": 1614876027737,
			"name": "post category",
			"description": "",
			"collectionId": "90154fee-9276-65cd-4c9e-1f7090e3746e",
			"responses": [],
			"rawModeData": "{\n\t\"name\": \"category1\",\n\t\"description\": \"alguna description\"\n\t\n}"
		}
	]
}